{"0x07EE4dC08567E532A4a3aE278DFf03EA98dCF0B8":{"dialAttempts":0,"successes":0,"uptimeRatio":null},"0x0916BA8D375699676bbC292dC966353eF9BD3139":{"dialAttempts":12153,"successes":8809,"uptimeRatio":0.7248416028964042},"0x095bbF3EE7D0E2dED6E31a8766D34FCe212a9DE4":{"dialAttempts":12153,"successes":11897,"uptimeRatio":0.9789352423269975},"0x0DF497315E06FBF8F77C7bB8a79C659cfd5BF5c9":{"dialAttempts":11417,"successes":11248,"uptimeRatio":0.9851975124813874},"0x0aF861080EeaA02A285fbB9D976a6b3170b4c061":{"dialAttempts":0,"successes":0,"uptimeRatio":null},"0x0b8f1D17de8ac5219Bc258240125Fe5B60f665B6":{"dialAttempts":0,"successes":0,"uptimeRatio":null},"0x12afC6451F21FedDEb1F732D6baa02684c258d9c":{"dialAttempts":12153,"successes":11466,"uptimeRatio":0.9434707479634659},"0x13cd48eB286aeE927460d75895E5ba57D688d4dc":{"dialAttempts":12153,"successes":12135,"uptimeRatio":0.998518884226117},"0x1516dd7feEff1a84FF620E548ea73d1D58143675":{"dialAttempts":0,"successes":0,"uptimeRatio":null},"0x1C408a3FF6e9aB7F417E7cC1100d936878AEF767":{"dialAttempts":0,"successes":0,"uptimeRatio":null},"0x1E983734058AB8bF36B5FdE347FB8fb9D45c0922":{"dialAttempts":0,"successes":0,"uptimeRatio":null},"0x1aA9Ff66d61c8c3b674b4Acdd7Ae87c2446D558d":{"dialAttempts":0,"successes":0,"uptimeRatio":null},"0x270C87fd27fA14E0cA3327D0Be4085651D04FB79":{"dialAttempts":0,"successes":0,"uptimeRatio":null},"0x27DF89f61E3b2d37Ac137b844172bE7812f335D1":{"dialAttempts":0,"successes":0,"uptimeRatio":null},"0x28Bd2dB06Ce3e74E5755fE3B2D1ef6596836fEbc":{"dialAttempts":0,"successes":0,"uptimeRatio":null},"0x2D6873e97F17F5Fd67D12391338cCe043D6ef804":{"dialAttempts":0,"successes":0,"uptimeRatio":null},"0x2e3E79CdE11d647313F6B7A36fC3e4601DD80352":{"dialAttempts":12153,"successes":12138,"uptimeRatio":0.9987657368550975},"0x310076f9cFEFeE4DE5fa910D0180CD9769C87C9e":{"dialAttempts":0,"successes":0,"uptimeRatio":null},"0x316337992fBAAD04e4a698E4b1350742477a5b49":{"dialAttempts":0,"successes":0,"uptimeRatio":null},"0x31b2645583d6c999b13c5DC57d3031e742a0a125":{"dialAttempts":12153,"successes":12095,"uptimeRatio":0.9952275158397104},"0x332f953Eb34268B84ab509157117C0de3BB96463":{"dialAttempts":0,"successes":0,"uptimeRatio":null},"0x34Fd13AF5b8E017946273fd49bE7034976927016":{"dialAttempts":11744,"successes":11696,"uptimeRatio":0.9959128065395095},"0x35AD2eB45Cb2717472F2C32D3d72631310fF0645":{"dialAttempts":0,"successes":0,"uptimeRatio":null},"0x36d90C422A715Ad0CA595cdd95353B111b63CF1f":{"dialAttempts":0,"successes":0,"uptimeRatio":null},"0x381CaFa57AD8190De8Df907e3b7D0892b16ce524":{"dialAttempts":12153,"successes":8368,"uptimeRatio":0.6885542664362709},"0x3C62f77264a5bdf111Ed62Cb5fD7458661f5a3c6":{"dialAttempts":0,"successes":0,"uptimeRatio":null},"0x3DBC3025171a15b52E49E91B0544905d439eEfD3":{"dialAttempts":0,"successes":0,"uptimeRatio":null},"0x3E808d420A4c88684DEA6b48e31545a3066BD5F5":{"dialAttempts":0,"successes":0,"uptimeRatio":null},"0x3a167080a39943324Bf936bBdE06A2d6bc3C25a5":{"dialAttempts":0,"successes":0,"uptimeRatio":null},"0x3a9Fbef0c5A2712aCf48d5b07730a584A8Af028A":{"dialAttempts":12153,"successes":12143,"uptimeRatio":0.9991771579033983},"0x40122226B69C00a9CDB085272190EcD8c3f2F497":{"dialAttempts":12153,"successes":11738,"uptimeRatio":0.965852052991031},"0x40c6370759dd2057b281057D7036ce6114d1566a":{"dialAttempts":0,"successes":0,"uptimeRatio":null},"0x420e33aB6Ff7Fbe44037aF5208936EA82287Cd52":{"dialAttempts":12153,"successes":11861,"uptimeRatio":0.9759730107792315},"0x42836558c6dc0893C35BC8cb12884ad0b26F5c4A":{"dialAttempts":0,"successes":0,"uptimeRatio":null},"0x431Aa7b8Efc6490C2eb81Ee7695f5c2EA1927793":{"dialAttempts":0,"successes":0,"uptimeRatio":null},"0x4655b531CA7A35C28F5e43f465cE138497a8B199":{"dialAttempts":12153,"successes":12123,"uptimeRatio":0.997531473710195},"0x46c5987297Bf0D2e4e77c0F673594bDC58C25f73":{"dialAttempts":0,"successes":0,"uptimeRatio":null},"0x47C3504932b16799d6B1488Dc326B2534A7e7b02":{"dialAttempts":0,"successes":0,"uptimeRatio":null},"0x48813553991542D784ddF296ec27626a5884c2F3":{"dialAttempts":0,"successes":0,"uptimeRatio":null},"0x4cc7Ea3889364099F0462A4Bb2ef8Fa5F9d1ffD0":{"dialAttempts":12153,"successes":12133,"uptimeRatio":0.9983543158067967},"0x52AA4d02eC4b0a9093C3F0444Af810b318f693d2":{"dialAttempts":12153,"successes":12120,"uptimeRatio":0.9972846210812145},"0x541D06d121EB617c62224C642Fa1eE3E013834B5":{"dialAttempts":12153,"successes":12146,"uptimeRatio":0.9994240105323788},"0x57c81AC9A751856261F76B1421245801c504dc67":{"dialAttempts":0,"successes":0,"uptimeRatio":null},"0x589903796f5C2d690781482daABEE3619E7f7887":{"dialAttempts":12153,"successes":12147,"uptimeRatio":0.999506294742039},"0x5D2f836cAD056c3BD19Ba7f2f4Bba75DeD8C2Bda":{"dialAttempts":8147,"successes":3752,"uptimeRatio":0.4605376212102614},"0x5E970f2B4cA2F222A194a625e2a9759F603B905B":{"dialAttempts":0,"successes":0,"uptimeRatio":null},"0x62F65C063a288f58aAa1f1782baE23F9452cFD21":{"dialAttempts":0,"successes":0,"uptimeRatio":null},"0x64AdF7751998568f3ac2e16bBd2792319A7A3418":{"dialAttempts":0,"successes":0,"uptimeRatio":null},"0x64aE2dB6db61d7cF995ac38798bd9Af8f2Fe593f":{"dialAttempts":0,"successes":0,"uptimeRatio":null},"0x698bfb73dc85eb64039C84cB0fDc8A2E46008612":{"dialAttempts":0,"successes":0,"uptimeRatio":null},"0x6B7aF3A2dfc96dAD21a1Cc7086393418A50C8ea0":{"dialAttempts":0,"successes":0,"uptimeRatio":null},"0x6e9577e083D40044938d7D9588EA93221dB242eb":{"dialAttempts":0,"successes":0,"uptimeRatio":null},"0x772213aaD4c6B37d2cc0Fa3B74F9ace5a028B8C8":{"dialAttempts":0,"successes":0,"uptimeRatio":null},"0x7A8Edf44C7e052961320326dc1F51Fa56C8c50d7":{"dialAttempts":0,"successes":0,"uptimeRatio":null},"0x7Ac9fd66197F4445F79683Ac02B69739ce9A64a7":{"dialAttempts":12153,"successes":12119,"uptimeRatio":0.9972023368715544},"0x7c2dC9d2f6C9Ba7581fADa1fe6d0BBf0317c5208":{"dialAttempts":0,"successes":0,"uptimeRatio":null},"0x82DB45D77CfeFBaf58d6082C43B9f9903b0d9822":{"dialAttempts":0,"successes":0,"uptimeRatio":null},"0x850Be5564003F2247111129F045d7Ff4139bB8AD":{"dialAttempts":0,"successes":0,"uptimeRatio":null},"0x871B44d4c94c022033bdc20A10c57e669faA2d31":{"dialAttempts":0,"successes":0,"uptimeRatio":null},"0x883f2017D51E1563F7eB751a2adf3750E2c7edaD":{"dialAttempts":0,"successes":0,"uptimeRatio":null},"0x8b23c08c00ebcf145377b985e3e419025ec51c82":{"dialAttempts":12153,"successes":12016,"uptimeRatio":0.9887270632765572},"0x904D7A10a55c2499791A5618fE36Be3C6b0083bb":{"dialAttempts":0,"successes":0,"uptimeRatio":null},"0x9231bD336662f06b9576b579959C2A64e3F814FB":{"dialAttempts":0,"successes":0,"uptimeRatio":null},"0x96dA799798B602b1cf645BA0D34f42830001658d":{"dialAttempts":12153,"successes":11652,"uptimeRatio":0.9587756109602568},"0x98A709940710B6248f9c2Ae483e4054d6CE486D2":{"dialAttempts":0,"successes":0,"uptimeRatio":null},"0x9DcB19F6E63bb65344b036fd692646b8aE213260":{"dialAttempts":0,"successes":0,"uptimeRatio":null},"0x9Fab5e33895c512f901DDf47c28F4DeBbd4A7Cb1":{"dialAttempts":0,"successes":0,"uptimeRatio":null},"0x9ab82B12526Fd8E7f016264EAdF70DDE1Cb48CAf":{"dialAttempts":0,"successes":0,"uptimeRatio":null},"0x9b7437FD97B1EaE0457c3e77b6d3DC03717056C4":{"dialAttempts":0,"successes":0,"uptimeRatio":null},"0xA4130A4aBF3348931d17D32a75b8357E1D28CC1f":{"dialAttempts":0,"successes":0,"uptimeRatio":null},"0xA6A8bD00ccDAC3733DD210f05d80749cE27f983e":{"dialAttempts":0,"successes":0,"uptimeRatio":null},"0xA9203A4f98e8429F987e67d485A4586507f2674a":{"dialAttempts":0,"successes":0,"uptimeRatio":null},"0xAE32841ba13B1880DC7bbfE75E6A29f1AB08ea87":{"dialAttempts":0,"successes":0,"uptimeRatio":null},"0xBfe44D9F32129850CdB33A7507e0F02Da317bFd1":{"dialAttempts":12153,"successes":12072,"uptimeRatio":0.9933349790175265},"0xC16af291D1c7A67B2304275E5C7B5b0Aa84f62Dc":{"dialAttempts":12153,"successes":11558,"uptimeRatio":0.9510408952522011},"0xC1b6d8E34E788e8d039aeE836a38403c9E6EfbD4":{"dialAttempts":12153,"successes":4080,"uptimeRatio":0.33571957541347813},"0xCB26637Fa14a1AE17C7a888Dd1EB049fd924A7f2":{"dialAttempts":10983,"successes":9723,